page,index,file,original_name,bytes,width,height,mode,readable
1,1,pdf_raw/p01_i01_Image21.jpg,Image21.jpg,198062,864,1820,RGB,True
2,1,pdf_raw/p02_i01_Image33.jpg,Image33.jpg,205521,1672,941,RGB,True
3,1,pdf_raw/p03_i01_Image41.png,Image41.png,971,43,16,RGB,True
4,1,pdf_raw/p04_i01_Image46.jpg,Image46.jpg,5675,752,66,RGB,True
5,1,pdf_raw/p05_i01_Image49.jpg,Image49.jpg,38362,760,297,RGB,True
6,1,pdf_raw/p06_i01_Image52.png,Image52.png,21964,127,136,RGB,True
6,2,pdf_raw/p06_i02_Image53.jpg,Image53.jpg,21392,235,441,RGB,True
6,3,pdf_raw/p06_i03_Image54.png,Image54.png,18562,122,127,RGB,True
6,4,pdf_raw/p06_i04_Image55.jpg,Image55.jpg,25255,289,435,RGB,True
6,5,pdf_raw/p06_i05_Image56.jpg,Image56.jpg,35668,762,302,RGB,True
7,1,pdf_raw/p07_i01_Image59.png,Image59.png,9129,66,105,RGB,True
7,2,pdf_raw/p07_i02_Image60.png,Image60.png,7889,60,90,RGB,True
7,3,pdf_raw/p07_i03_Image61.png,Image61.png,7906,57,87,RGB,True
7,4,pdf_raw/p07_i04_Image62.png,Image62.png,6651,58,82,RGB,True
7,5,pdf_raw/p07_i05_Image63.png,Image63.png,6056,67,78,RGB,True
7,6,pdf_raw/p07_i06_Image64.jpg,Image64.jpg,14632,742,168,RGB,True
8,1,pdf_raw/p08_i01_Image67.png,Image67.png,11050,95,95,RGB,True
8,2,pdf_raw/p08_i02_Image68.png,Image68.png,8866,100,97,RGB,True
8,3,pdf_raw/p08_i03_Image69.png,Image69.png,9400,100,96,RGB,True
8,4,pdf_raw/p08_i04_Image70.png,Image70.png,10202,92,95,RGB,True
8,5,pdf_raw/p08_i05_Image71.jpg,Image71.jpg,19816,770,218,RGB,True
9,1,pdf_raw/p09_i01_Image76.jpg,Image76.jpg,27470,692,277,RGB,True
10,1,pdf_raw/p10_i01_Image79.jpg,Image79.jpg,6689,184,189,RGB,True
10,2,pdf_raw/p10_i02_Image80.jpg,Image80.jpg,14826,762,145,RGB,True
10,3,pdf_raw/p10_i03_Image81.png,Image81.png,1513,30,28,RGB,True
10,4,pdf_raw/p10_i04_Image82.jpg,Image82.jpg,842,27,27,RGB,True
11,1,pdf_raw/p11_i01_Image87.jpg,Image87.jpg,2037,186,56,RGB,True
11,2,pdf_raw/p11_i02_Image88.jpg,Image88.jpg,11728,760,110,RGB,True
13,1,pdf_raw/p13_i01_Image98.jpg,Image98.jpg,199586,1023,1537,RGB,True
14,1,pdf_raw/p14_i01_Image101.jpg,Image101.jpg,9895,200,250,RGB,True
15,1,pdf_raw/p15_i01_Image104.png,Image104.png,7531,73,72,RGB,True
16,1,pdf_raw/p16_i01_Image107.jpg,Image107.jpg,192980,1122,1402,RGB,True
17,1,pdf_raw/p17_i01_Image110.png,Image110.png,3346,47,46,RGB,True
17,2,pdf_raw/p17_i02_Image111.jpg,Image111.jpg,12653,232,286,RGB,True
18,1,pdf_raw/p18_i01_Image114.jpg,Image114.jpg,12141,247,329,RGB,True
19,1,pdf_raw/p19_i01_Image117.jpg,Image117.jpg,230732,1024,1536,RGB,True
21,1,pdf_raw/p21_i01_Image122.jpg,Image122.jpg,7109,158,197,RGB,True
21,2,pdf_raw/p21_i02_Image123.jpg,Image123.jpg,7273,164,196,RGB,True
21,3,pdf_raw/p21_i03_Image124.jpg,Image124.jpg,3198,105,187,RGB,True
21,4,pdf_raw/p21_i04_Image125.png,Image125.png,4472,62,50,RGB,True
22,1,pdf_raw/p22_i01_Image128.jpg,Image128.jpg,171203,1024,1535,RGB,True
23,1,pdf_raw/p23_i01_Image131.jpg,Image131.jpg,24295,499,332,RGB,True
23,2,pdf_raw/p23_i02_Image132.jpg,Image132.jpg,10119,187,280,RGB,True
23,3,pdf_raw/p23_i03_Image133.png,Image133.png,8458,87,86,RGB,True
23,4,pdf_raw/p23_i04_Image134.png,Image134.png,3601,95,31,RGB,True
24,1,pdf_raw/p24_i01_Image137.jpg,Image137.jpg,201006,1023,1537,RGB,True
25,1,pdf_raw/p25_i01_Image140.jpg,Image140.jpg,17924,222,289,RGB,True
25,2,pdf_raw/p25_i02_Image141.jpg,Image141.jpg,19670,537,218,RGB,True
25,3,pdf_raw/p25_i03_Image142.jpg,Image142.jpg,27091,570,267,RGB,True
27,1,pdf_raw/p27_i01_Image147.jpg,Image147.jpg,132035,1024,1535,RGB,True
28,1,pdf_raw/p28_i01_Image151.jpg,Image151.jpg,7197,279,186,RGB,True
28,2,pdf_raw/p28_i02_Image152.jpg,Image152.jpg,4155,572,72,RGB,True
28,3,pdf_raw/p28_i03_Image153.png,Image153.png,3154,47,47,RGB,True
28,4,pdf_raw/p28_i04_Image154.png,Image154.png,3660,47,52,RGB,True
28,5,pdf_raw/p28_i05_Image155.png,Image155.png,3447,47,52,RGB,True
28,6,pdf_raw/p28_i06_Image156.png,Image156.png,3366,47,52,RGB,True
28,7,pdf_raw/p28_i07_Image157.png,Image157.png,1900,33,33,RGB,True
28,8,pdf_raw/p28_i08_Image158.png,Image158.png,1834,33,36,RGB,True
28,9,pdf_raw/p28_i09_Image159.png,Image159.png,1814,35,35,RGB,True
29,1,pdf_raw/p29_i01_Image133.png,Image133.png,8458,87,86,RGB,True
30,1,pdf_raw/p30_i01_Image134.png,Image134.png,3601,95,31,RGB,True
31,1,pdf_raw/p31_i01_Image166.jpg,Image166.jpg,131369,1023,1537,RGB,True
32,1,pdf_raw/p32_i01_Image169.jpg,Image169.jpg,7134,163,244,RGB,True
